{
  "structure": {
    "total_layers": 6,
    "layer_complexity": [
      1.0,
      1.15,
      1.2598076211353315,
      1.3,
      1.2598076211353315,
      1.15
    ],
    "total_complexity": 7.119615242270664
  },
  "strategy": {
    "pec_layers": [
      1,
      2
    ],
    "zne_layers": [
      3,
      4,
      5,
      6
    ],
    "pec_depth": 2,
    "zne_depth": 4,
    "zne_levels": 3
  },
  "pec_optimization": {
    "noise_levels": [
      0.01,
      0.0125
    ],
    "pec_coefficients": [
      1.0101010099989798,
      1.0126582277455536
    ],
    "pec_overhead": 1.0228870986295606
  },
  "zne_optimization": {
    "scaling_factors": [
      1.0,
      2.0,
      3.0
    ],
    "expectations": [
      0.68195919791379,
      0.6103638323514327,
      0.5669390480445289
    ],
    "e_zero_noise": 0.7394692728484206,
    "zne_overhead": 3
  },
  "overhead": {
    "pec_overhead": 1.0228870986295606,
    "zne_overhead": 3,
    "total_overhead": 3.068661295888682,
    "baseline_shots": 1024,
    "hybrid_shots": 3142
  },
  "performance": {
    "fidelity_with_hybrid": 0.975,
    "accuracy_with_hybrid": 0.8999999999999999,
    "time_with_hybrid_hours": 6.137322591777364
  }
}