{
  "warm_start": {
    "method": "Warm-Start",
    "pretrained_model": "efficient-net-b0",
    "initial_accuracy": 0.785,
    "epochs_with_warmstart": 20,
    "epochs_without_warmstart": 50,
    "speedup": 2.5,
    "final_accuracy": 0.895
  },
  "lr_scheduling": {
    "method": "Learning Rate Scheduling",
    "scheduler_type": "cosine",
    "learning_rates": [
      0.001,
      0.0009990133642141358,
      0.000996057350657239,
      0.0009911436253643444,
      0.0009842915805643156,
      0.0009755282581475768,
      0.0009648882429441257,
      0.0009524135262330098,
      0.0009381533400219318,
      0.0009221639627510075,
      0.0009045084971874737,
      0.0008852566213878947,
      0.0008644843137107057,
      0.0008422735529643444,
      0.0008187119948743449,
      0.0007938926261462367,
      0.0007679133974894983,
      0.0007408768370508576,
      0.0007128896457825364,
      0.0006840622763423391,
      0.0006545084971874737,
      0.0006243449435824273,
      0.0005936906572928624,
      0.0005626666167821522,
      0.0005313952597646568,
      0.0005,
      0.0004686047402353433,
      0.00043733338321784795,
      0.0004063093427071377,
      0.00037565505641757257,
      0.00034549150281252644,
      0.00031593772365766116,
      0.00028711035421746366,
      0.0002591231629491423,
      0.00023208660251050156,
      0.00020610737385376348,
      0.00018128800512565513,
      0.00015772644703565563,
      0.00013551568628929433,
      0.00011474337861210544,
      9.549150281252633e-05,
      7.783603724899258e-05,
      6.184665997806821e-05,
      4.758647376699032e-05,
      3.5111757055874326e-05,
      2.4471741852423235e-05,
      1.5708419435684518e-05,
      8.856374635655639e-06,
      3.942649342761117e-06,
      9.866357858642206e-07
    ],
    "final_lr": 9.866357858642206e-07,
    "convergence_epoch": 32,
    "final_accuracy": 0.893
  },
  "early_stopping": {
    "method": "Early Stopping",
    "patience": 10,
    "min_delta": 0.001,
    "stopped_epoch": 50,
    "best_val_loss": 0.03242165137272863,
    "epochs_saved": 0,
    "final_accuracy": 0.895
  },
  "regularization": {
    "method": "Regularization",
    "l2_coeff": 0.0001,
    "dropout_rate": 0.2,
    "gradient_clip": 1.0,
    "train_accuracy": 0.902,
    "val_accuracy": 0.906,
    "overfitting_gap": -0.004,
    "stability": "\u00d3tima"
  }
}