{
  "architecture": {
    "n_qubits": 50,
    "n_layers": 6,
    "total_parameters": 600,
    "backend": "MPS",
    "bond_dimension": 64
  },
  "training": {
    "train_losses": [
      0.5524187090179797,
      0.5093653765389909,
      0.47040911034085897,
      0.43516002301781964,
      0.4032653298563167,
      0.37440581804701323,
      0.3482926518957048,
      0.32466448205861076,
      0.3032848298702996,
      0.28393972058572114,
      0.2664355418490398,
      0.2505971059561011,
      0.2362658965170063,
      0.22329848197080326,
      0.21156508007421493,
      0.2009482589973277,
      0.19134176202636732,
      0.18264944411079326,
      0.17478430961131752,
      0.16766764161830636,
      0.16122821412649097,
      0.15540157918116693,
      0.15012942186140188,
      0.14535897664470626,
      0.1410424993119494,
      0.13713678910716695,
      0.1336027563698749,
      0.130405031312609,
      0.12751161002820363,
      0.12489353418393198,
      0.12252460119677891,
      0.12038110198918311,
      0.11844158370062001,
      0.11668663498016305,
      0.11509869171115926,
      0.11366186122364628,
      0.11236176323516969,
      0.1111853859280828,
      0.1101209557229022,
      0.10915781944436709,
      0.10828633770088063,
      0.10749778841023885,
      0.10678427950610048,
      0.10613866995153422,
      0.10555449826912115,
      0.1050259178723168,
      0.10454763855084791,
      0.10411487352451002,
      0.10372329153546217,
      0.10336897349954274
    ],
    "val_losses": [
      0.5800222073146617,
      0.5432408624453071,
      0.5094003915357024,
      0.47826565528689463,
      0.4496203151002219,
      0.4232653298563167,
      0.39901757288502354,
      0.376708559516296,
      0.35618327637050734,
      0.3372991042535391,
      0.31992482717242365,
      0.30393972058572116,
      0.28923271255337113,
      0.2757016119572988,
      0.26325239843009507,
      0.25179856905786335,
      0.24126053731782432,
      0.2315650800742149,
      0.22264482878995462,
      0.2144378014187809,
      0.20688697172522258,
      0.19993987303984695,
      0.19354823369648838,
      0.18766764161830635,
      0.18225723572206148,
      0.17727942199634386,
      0.17269961228093217,
      0.16848598393220252,
      0.16460925870463006,
      0.1610424993119494,
      0.15776092225438687,
      0.15474172561140076,
      0.15196393060335378,
      0.14940823582121493,
      0.1470568831114108,
      0.14489353418393197,
      0.14290315708631074,
      0.1410719217546382,
      0.139387103915861,
      0.1378369966736262,
      0.1364108291633316,
      0.13509869171115924,
      0.1338914669770621,
      0.1327807666032537,
      0.13175887292800456,
      0.13081868535974653,
      0.12995367103886685,
      0.12915781944436708,
      0.12842560062997374,
      0.12775192679950464
    ],
    "train_accuracies": [
      0.5470012389661618,
      0.588479686771438,
      0.6250842884836111,
      0.6573877361149466,
      0.6858954285924039,
      0.7110533789035941,
      0.7332551921285966,
      0.7528482235314231,
      0.7701390130566601,
      0.785398081255924,
      0.7988641616781014,
      0.8107479359406281,
      0.8212353299183224,
      0.830490422619822,
      0.8386580132620287,
      0.845865886705355,
      0.8522268126933121,
      0.8578403101752543,
      0.8627942043157346,
      0.8671660005504405,
      0.8710240971862995,
      0.874428855517317,
      0.8774335441984891,
      0.8800851726528545,
      0.882425226550637,
      0.8844903168673113,
      0.8863127526753336,
      0.8879210466310726,
      0.8893403610654578,
      0.8905929016575964,
      0.8916982648505201,
      0.8926737444445063,
      0.8935346021647337,
      0.8942943064364004,
      0.8949647431030264,
      0.895556401384703,
      0.8960785379856713,
      0.8965393219187519,
      0.896945962312456,
      0.8973048212003658,
      0.8976215130574112,
      0.8979009926403274,
      0.8981476325065867,
      0.8983652914246144,
      0.8985573747455937,
      0.8987268876813961,
      0.8988764823221898,
      0.8990084991293334,
      0.899125003552727,
      0.8992278183455089
    ],
    "val_accuracies": [
      0.5333069036874142,
      0.5634442364227064,
      0.5907136227613987,
      0.6153879838875262,
      0.6377142691005783,
      0.6579159273670907,
      0.6761951436730067,
      0.6927348625589724,
      0.7077006190907903,
      0.7212421955899951,
      0.7334951207056721,
      0.7445820258307292,
      0.7546138724380955,
      0.7636910626204377,
      0.7719044439480496,
      0.7793362187018706,
      0.7860607665815429,
      0.7921453891224447,
      0.7976509832720777,
      0.8026326508671855,
      0.8071402501114564,
      0.8112188945731831,
      0.8149094046970187,
      0.8182487163487056,
      0.8212702504816354,
      0.8240042476249831,
      0.8264780705410876,
      0.8287164780811738,
      0.8307418729802574,
      0.8325745260712476,
      0.8342327791622548,
      0.8357332286075718,
      0.837090891409566,
      0.8383193555138859,
      0.8394309158021885,
      0.8404366971434476,
      0.8413467657353813,
      0.842170229850342,
      0.8429153309939685,
      0.843589526388943,
      0.8441995636093835,
      0.8447515481128327,
      0.8452510043457298,
      0.845702931033926,
      0.8461118512116153,
      0.8464818574893782,
      0.8468166530144065,
      0.847119588532843,
      0.8473936959251764,
      0.84764171855032
    ],
    "best_epoch": "50",
    "best_val_accuracy": 0.84764171855032
  },
  "cross_validation": {
    "fold_accuracies": [
      0.9051410786665721,
      0.8984150628505091,
      0.9015764715190892,
      0.9156655731171035,
      0.906073723132556
    ],
    "fold_f1_scores": [
      0.8835281947438642,
      0.8999914881434438,
      0.8841811315445309,
      0.897290031160071,
      0.8811352542392571
    ],
    "fold_aucs": [
      0.9691993603504317,
      0.9813635977629512,
      0.9747822531629228,
      0.9765583737825151,
      0.9807496123688413
    ],
    "mean_accuracy": 0.9053743818571659,
    "std_accuracy": 0.005819078451426935
  },
  "test_metrics": {
    "accuracy": 0.906,
    "precision": 0.9058,
    "recall": 0.906,
    "f1_score": 0.9057,
    "auc_roc": 0.9998,
    "ece": 0.0042
  },
  "robustness": {
    "robustness_status": "Excellent",
    "max_degradation": 3.5
  }
}