{
  "zne": {
    "method": "ZNE",
    "scaling_factors": [
      1.0,
      1.5,
      2.0,
      2.5,
      3.0
    ],
    "expectations": [
      0.7714512254107879,
      0.7714512254107879,
      0.7714512254107879,
      0.7714512254107879,
      0.7714512254107879
    ],
    "e_zero_noise": 0.7714512255107879,
    "improvement": 1.2962583372758062e-08
  },
  "convergence": {
    "first_derivatives": [
      0.0,
      0.0,
      0.0,
      0.0,
      0.0
    ],
    "second_derivatives": [
      0.0,
      0.0,
      0.0,
      0.0,
      0.0
    ],
    "convergence_rate": 0.0
  }
}